<?xml version="1.0" encoding="UTF-8"?>
<!DOCTYPE suite SYSTEM "https://testng.org/testng-1.0.dtd">
<suite name="TestNGSuite">
  <test thread-count="1" name="ZeroBank">
<groups>
<run>
<include name="Smoke"></include>
<exclude name="Regression"></exclude>
</run>
</groups>
    <classes>
      <class name="testng.DataDrivenTest"/>
      <class name="testng.LoginWithTestNG"/>
      <class name="testng.TestNGGeneratedClass"/>
    </classes>
  </test> <!-- LogIn -->
</suite> <!-- TestNGSuite -->
